{
  "forced": false,
  "compare": "https://github.com/DingGuodong/GoogleHostsFileForLinux/compare/affce9d7fdbb...45c92b03989d",
  "pusher": {
    "name": "DingGuodong",
    "email": "DingGuodong@users.noreply.github.com"
  },
  "sender": {
    "following_url": "https://api.github.com/users/DingGuodong/following{/other_user}",
    "events_url": "https://api.github.com/users/DingGuodong/events{/privacy}",
    "organizations_url": "https://api.github.com/users/DingGuodong/orgs",
    "url": "https://api.github.com/users/DingGuodong",
    "gists_url": "https://api.github.com/users/DingGuodong/gists{/gist_id}",
    "html_url": "https://github.com/DingGuodong",
    "subscriptions_url": "https://api.github.com/users/DingGuodong/subscriptions",
    "avatar_url": "https://avatars.githubusercontent.com/u/5717062?v=3",
    "repos_url": "https://api.github.com/users/DingGuodong/repos",
    "received_events_url": "https://api.github.com/users/DingGuodong/received_events",
    "gravatar_id": "",
    "starred_url": "https://api.github.com/users/DingGuodong/starred{/owner}{/repo}",
    "site_admin": false,
    "login": "DingGuodong",
    "type": "User",
    "id": 5717062,
    "followers_url": "https://api.github.com/users/DingGuodong/followers"
  },
  "repository": {
    "issues_url": "https://api.github.com/repos/DingGuodong/GoogleHostsFileForLinux/issues{/number}",
    "deployments_url": "https://api.github.com/repos/DingGuodong/GoogleHostsFileForLinux/deployments",
    "stargazers_count": 0,
    "forks_url": "https://api.github.com/repos/DingGuodong/GoogleHostsFileForLinux/forks",
    "mirror_url": null,
    "subscription_url": "https://api.github.com/repos/DingGuodong/GoogleHostsFileForLinux/subscription",
    "notifications_url": "https://api.github.com/repos/DingGuodong/GoogleHostsFileForLinux/notifications{?since,all,participating}",
    "collaborators_url": "https://api.github.com/repos/DingGuodong/GoogleHostsFileForLinux/collaborators{/collaborator}",
    "updated_at": "2016-04-18T10:41:25Z",
    "private": false,
    "pulls_url": "https://api.github.com/repos/DingGuodong/GoogleHostsFileForLinux/pulls{/number}",
    "issue_comment_url": "https://api.github.com/repos/DingGuodong/GoogleHostsFileForLinux/issues/comments{/number}",
    "labels_url": "https://api.github.com/repos/DingGuodong/GoogleHostsFileForLinux/labels{/name}",
    "has_wiki": true,
    "full_name": "DingGuodong/GoogleHostsFileForLinux",
    "owner": {
      "name": "DingGuodong",
      "email": "DingGuodong@users.noreply.github.com"
    },
    "statuses_url": "https://api.github.com/repos/DingGuodong/GoogleHostsFileForLinux/statuses/{sha}",
    "id": 56499238,
    "keys_url": "https://api.github.com/repos/DingGuodong/GoogleHostsFileForLinux/keys{/key_id}",
    "description": "Google Hosts File For Linux, a Linux shell script  make you access Google easily! Run it directly and enjoy Google services.",
    "tags_url": "https://api.github.com/repos/DingGuodong/GoogleHostsFileForLinux/tags",
    "downloads_url": "https://api.github.com/repos/DingGuodong/GoogleHostsFileForLinux/downloads",
    "assignees_url": "https://api.github.com/repos/DingGuodong/GoogleHostsFileForLinux/assignees{/user}",
    "contents_url": "https://api.github.com/repos/DingGuodong/GoogleHostsFileForLinux/contents/{+path}",
    "has_pages": false,
    "git_refs_url": "https://api.github.com/repos/DingGuodong/GoogleHostsFileForLinux/git/refs{/sha}",
    "open_issues_count": 0,
    "clone_url": "https://github.com/DingGuodong/GoogleHostsFileForLinux.git",
    "watchers_count": 0,
    "git_tags_url": "https://api.github.com/repos/DingGuodong/GoogleHostsFileForLinux/git/tags{/sha}",
    "milestones_url": "https://api.github.com/repos/DingGuodong/GoogleHostsFileForLinux/milestones{/number}",
    "languages_url": "https://api.github.com/repos/DingGuodong/GoogleHostsFileForLinux/languages",
    "size": 17,
    "homepage": null,
    "fork": false,
    "commits_url": "https://api.github.com/repos/DingGuodong/GoogleHostsFileForLinux/commits{/sha}",
    "releases_url": "https://api.github.com/repos/DingGuodong/GoogleHostsFileForLinux/releases{/id}",
    "issue_events_url": "https://api.github.com/repos/DingGuodong/GoogleHostsFileForLinux/issues/events{/number}",
    "archive_url": "https://api.github.com/repos/DingGuodong/GoogleHostsFileForLinux/{archive_format}{/ref}",
    "comments_url": "https://api.github.com/repos/DingGuodong/GoogleHostsFileForLinux/comments{/number}",
    "events_url": "https://api.github.com/repos/DingGuodong/GoogleHostsFileForLinux/events",
    "contributors_url": "https://api.github.com/repos/DingGuodong/GoogleHostsFileForLinux/contributors",
    "html_url": "https://github.com/DingGuodong/GoogleHostsFileForLinux",
    "forks": 0,
    "compare_url": "https://api.github.com/repos/DingGuodong/GoogleHostsFileForLinux/compare/{base}...{head}",
    "open_issues": 0,
    "git_url": "git://github.com/DingGuodong/GoogleHostsFileForLinux.git",
    "svn_url": "https://github.com/DingGuodong/GoogleHostsFileForLinux",
    "merges_url": "https://api.github.com/repos/DingGuodong/GoogleHostsFileForLinux/merges",
    "has_issues": true,
    "ssh_url": "git@github.com:DingGuodong/GoogleHostsFileForLinux.git",
    "blobs_url": "https://api.github.com/repos/DingGuodong/GoogleHostsFileForLinux/git/blobs{/sha}",
    "master_branch": "master",
    "git_commits_url": "https://api.github.com/repos/DingGuodong/GoogleHostsFileForLinux/git/commits{/sha}",
    "hooks_url": "https://api.github.com/repos/DingGuodong/GoogleHostsFileForLinux/hooks",
    "has_downloads": true,
    "watchers": 0,
    "name": "GoogleHostsFileForLinux",
    "language": "Shell",
    "url": "https://github.com/DingGuodong/GoogleHostsFileForLinux",
    "stargazers": 0,
    "created_at": 1460975801,
    "pushed_at": 1473063776,
    "forks_count": 0,
    "default_branch": "master",
    "teams_url": "https://api.github.com/repos/DingGuodong/GoogleHostsFileForLinux/teams",
    "trees_url": "https://api.github.com/repos/DingGuodong/GoogleHostsFileForLinux/git/trees{/sha}",
    "branches_url": "https://api.github.com/repos/DingGuodong/GoogleHostsFileForLinux/branches{/branch}",
    "subscribers_url": "https://api.github.com/repos/DingGuodong/GoogleHostsFileForLinux/subscribers",
    "stargazers_url": "https://api.github.com/repos/DingGuodong/GoogleHostsFileForLinux/stargazers"
  },
  "created": false,
  "deleted": false,
  "commits": [
    {
      "committer": {
        "username": "web-flow",
        "name": "GitHub",
        "email": "noreply@github.com"
      },
      "added": [],
      "author": {
        "username": "DingGuodong",
        "name": "Guodong Ding",
        "email": "DingGuodong@users.noreply.github.com"
      },
      "distinct": true,
      "timestamp": "2016-09-05T16:22:55+08:00",
      "modified": [
        "replaceLocalHostsFileAgainstGfw.sh"
      ],
      "url": "https://github.com/DingGuodong/GoogleHostsFileForLinux/commit/45c92b03989dddf85b66737bc5eaea36e2723577",
      "tree_id": "be94b69f0a525cfebf0148a232d93f072e6a3f47",
      "message": "Update replaceLocalHostsFileAgainstGfw.sh",
      "removed": [],
      "id": "45c92b03989dddf85b66737bc5eaea36e2723577"
    }
  ],
  "after": "45c92b03989dddf85b66737bc5eaea36e2723577",
  "head_commit": {
    "committer": {
      "username": "web-flow",
      "name": "GitHub",
      "email": "noreply@github.com"
    },
    "added": [],
    "author": {
      "username": "DingGuodong",
      "name": "Guodong Ding",
      "email": "DingGuodong@users.noreply.github.com"
    },
    "distinct": true,
    "timestamp": "2016-09-05T16:22:55+08:00",
    "modified": [
      "replaceLocalHostsFileAgainstGfw.sh"
    ],
    "url": "https://github.com/DingGuodong/GoogleHostsFileForLinux/commit/45c92b03989dddf85b66737bc5eaea36e2723577",
    "tree_id": "be94b69f0a525cfebf0148a232d93f072e6a3f47",
    "message": "Update replaceLocalHostsFileAgainstGfw.sh",
    "removed": [],
    "id": "45c92b03989dddf85b66737bc5eaea36e2723577"
  },
  "ref": "refs/heads/master",
  "base_ref": null,
  "before": "affce9d7fdbb5852f183f8e25e32a86734bdd1b3"
}